"permutation_id","ndvi_between_var","ndvi_within_var","dem_between_var","dem_within_var","mean_nn_dist","mean_ignorance","has_intersection","ndvi_combined","ndvi_weighted","igno_weighted","spatial_weighted","dem_combined","dem_weighted","ndvi_norm","igno_norm","spatial_norm","dem_norm","final_score"
1,0.0113207199864212,0,23.0142701185535,0,1349.82471183638,86.3604159355164,FALSE,0.0113207199864212,0.0113207199864212,86.3604159355164,1349.82471183638,23.0142701185535,23.0142701185535,0.119860315746808,0.522123818952025,0.785903556037973,0.384850898520412,1.81273858925722
2,0.0144782727366124,0,28.935589100995,0,1086.67594867875,89.5129240036011,FALSE,0.0144782727366124,0.0144782727366124,89.5129240036011,1086.67594867875,28.935589100995,28.935589100995,0.273460603237965,0.705567799591504,0.25085525811803,0.603977196075575,1.83386085702307
3,0.0121604390293738,0,26.9281577620066,0,988.542850984773,77.3876519012451,FALSE,0.0121604390293738,0.0121604390293738,77.3876519012451,988.542850984773,26.9281577620066,26.9281577620066,0.160708750155864,0,0.0513257362584778,0.529689524998722,0.741724011413063
4,0.0168870581453558,0,33.0852939403763,0,1188.62265585377,89.6033815765381,FALSE,0.0168870581453558,0.0168870581453558,89.6033815765381,1188.62265585377,33.0852939403763,33.0852939403763,0.390636834502852,0.710831512451289,0.458138817037375,0.757542552053987,2.3171497160455
5,0.0247781704608193,0,37.0136933843886,0,963.299701782953,88.5435375976563,FALSE,0.0247781704608193,0.0247781704608193,88.5435375976563,963.299701782953,37.0136933843886,37.0136933843886,0.77450282698921,0.649159347259659,0,0.902918207045172,2.32658038129404
6,0.0294137035736174,0,23.8694734631345,0,1166.50319259415,87.5555725097656,FALSE,0.0294137035736174,0.0294137035736174,87.5555725097656,1166.50319259415,23.8694734631345,23.8694734631345,1,0.59166980415895,0.413164327984303,0.416498837621567,2.42133296976482
7,0.0158324887596661,0,21.8959235730622,0,1090.40927643394,83.1998232555389,FALSE,0.0158324887596661,0.0158324887596661,83.1998232555389,1090.40927643394,21.8959235730622,21.8959235730622,0.339336928013088,0.338209395936035,0.258446062030702,0.34346499470003,1.27945738067985
8,0.0158146788552002,0,29.0357682711788,0,1180.51264939958,89.0049730682373,FALSE,0.0158146788552002,0.0158146788552002,89.0049730682373,1180.51264939958,29.0357682711788,29.0357682711788,0.338470558814352,0.676010209399741,0.441649113276794,0.607684459730786,2.06381434122167
9,0.0151148843269461,0,27.0802796588075,0,1144.42300549127,90.7670560836792,FALSE,0.0151148843269461,0.0151148843269461,90.7670560836792,1144.42300549127,27.0802796588075,27.0802796588075,0.304428802673282,0.778545560805284,0.368269697337394,0.535318998452509,1.98656305926847
10,0.0201505938806109,0,21.5422559485527,0,1128.35044706723,86.6952393722534,FALSE,0.0201505938806109,0.0201505938806109,86.6952393722534,1128.35044706723,21.5422559485527,21.5422559485527,0.549392702363645,0.54160714547171,0.335590102249018,0.330377053085382,1.75696700316976
11,0.0164535407492171,0,20.1713285344556,0,1024.03048261196,92.5555308532715,FALSE,0.0164535407492171,0.0164535407492171,92.5555308532715,1024.03048261196,20.1713285344556,20.1713285344556,0.369548225080479,0.882616644501704,0.123481108267433,0.279644057724255,1.65529003557387
12,0.0136813519476041,0,29.8535489549799,0,1074.36954839188,86.9294188690185,FALSE,0.0136813519476041,0.0136813519476041,86.9294188690185,1074.36954839188,29.8535489549799,29.8535489549799,0.234694105261982,0.555234015932615,0.225833219450626,0.637947523413868,1.65370886405909
13,0.0194950661369448,0,26.5388887226196,0,1222.41066214604,91.9594923400879,FALSE,0.0194950661369448,0.0194950661369448,91.9594923400879,1222.41066214604,26.5388887226196,26.5388887226196,0.517504319856197,0.847933251117317,0.526838418889425,0.515284105596954,2.40756009545989
14,0.0159439138153832,0,29.891539195005,0,1300.44199032808,86.5251410102844,FALSE,0.0159439138153832,0.0159439138153832,86.5251410102844,1300.44199032808,29.891539195005,29.891539195005,0.344757239864036,0.531709146816055,0.685495935752697,0.639353402858061,2.20131572529085
15,0.0213367139765434,0,25.6592881043099,0,1276.91911814948,90.5145025253296,FALSE,0.0213367139765434,0.0213367139765434,90.5145025253296,1276.91911814948,25.6592881043099,25.6592881043099,0.6070919403964,0.763849506404236,0.637667959780771,0.482733312878478,2.49134271945988
16,0.0237181958067414,0,18.7525020173763,0,1377.90624119992,85.5864520645142,FALSE,0.0237181958067414,0.0237181958067414,85.5864520645142,1377.90624119992,18.7525020173763,18.7525020173763,0.722939979277534,0.477086975175115,0.843000440357933,0.227138492244233,2.27016588705481
17,0.0178355555512459,0,26.200561109103,0,993.191784785515,91.3650743103027,FALSE,0.0178355555512459,0.0178355555512459,91.3650743103027,993.191784785515,26.200561109103,26.200561109103,0.436776831442098,0.813344153423457,0.0607781999044474,0.502763841525654,1.81366302629566
18,0.016783098854602,0,23.664518274457,0,1242.23695690232,89.1150927352905,FALSE,0.016783098854602,0.016783098854602,89.1150927352905,1242.23695690232,23.664518274457,23.664518274457,0.385579697469688,0.682418056623177,0.567150313713162,0.408914197815334,2.04406226562136
19,0.0168497758660314,0,30.2263384015802,0,1412.580324468,87.4148534011841,FALSE,0.0168497758660314,0.0168497758660314,87.4148534011841,1412.580324468,30.2263384015802,30.2263384015802,0.388823224636096,0.58348137993521,0.913501661841564,0.651743093529816,2.53754935994269
20,0.0173033833690328,0,26.0236231381926,0,1235.49608588008,91.1198929977417,FALSE,0.0173033833690328,0.0173033833690328,91.1198929977417,1235.49608588008,26.0236231381926,26.0236231381926,0.410889124521673,0.799077088920135,0.553444410163884,0.496216016188511,2.2596266397942
21,0.0153043797430038,0,18.1461784002887,0,1286.21866839965,91.8580646514893,FALSE,0.0153043797430038,0.0153043797430038,91.8580646514893,1286.21866839965,18.1461784002887,18.1461784002887,0.313646875240067,0.842031188841265,0.65657630832502,0.204700679026159,2.01695505143251
22,0.0196854573461408,0,29.8884079058835,0,1214.5675426755,88.5633499717712,FALSE,0.0196854573461408,0.0196854573461408,88.5633499717712,1214.5675426755,29.8884079058835,29.8884079058835,0.5267659686019,0.650312226394328,0.510891364178836,0.639237525332496,2.32720708450756
23,0.0194905782046805,0,21.4199748380583,0,1232.55465556864,89.6742240905762,FALSE,0.0194905782046805,0.0194905782046805,89.6742240905762,1232.55465556864,21.4199748380583,21.4199748380583,0.517286002779467,0.714953827919794,0.547463734964428,0.32585187768392,2.10555544334761
24,0.0205881266082725,0,31.4230218571319,0,1170.50403447783,85.9824971389771,FALSE,0.0205881266082725,0.0205881266082725,85.9824971389771,1170.50403447783,31.4230218571319,31.4230218571319,0.570676639029957,0.500132779786257,0.421299056091791,0.696027959070437,2.18813643397844
25,0.0192230420877949,0,22.3531927039755,0,1367.19106821672,86.5442632293701,FALSE,0.0192230420877949,0.0192230420877949,86.5442632293701,1367.19106821672,22.3531927039755,22.3531927039755,0.504271612294495,0.532821865931115,0.821213771107484,0.360386848081079,2.21869409741417
26,0.0149180834313313,0,24.3014605586317,0,1164.30157007998,91.8764199066162,FALSE,0.0149180834313313,0.0149180834313313,91.8764199066162,1164.30157007998,24.3014605586317,24.3014605586317,0.294855352429854,0.843099278436412,0.408687870011511,0.432485095600339,1.97912759647812
27,0.014077583766935,0,28.1841896459193,0,1386.24806473345,90.7557547950745,FALSE,0.014077583766935,0.014077583766935,90.7557547950745,1386.24806473345,28.1841896459193,28.1841896459193,0.25396894441033,0.777887940484183,0.859961487142303,0.576170658197115,2.46798903023393
28,0.0163027910369979,0,25.741293094447,0,1453.24787655938,90.601707572937,FALSE,0.0163027910369979,0.0163027910369979,90.601707572937,1453.24787655938,25.741293094447,25.741293094447,0.362214951191493,0.76892395529365,0.996189128299584,0.485768016788714,2.61309605157344
29,0.0136187022811748,0,26.5882329868507,0,1142.24946456204,88.7826100730896,FALSE,0.0136187022811748,0.0136187022811748,88.7826100730896,1142.24946456204,26.5882329868507,26.5882329868507,0.231646489739427,0.663070939429341,0.363850336361935,0.517110155833158,1.77567792136386
30,0.0201200631164689,0,32.2169224349142,0,1288.46783380297,93.1416780471802,FALSE,0.0201200631164689,0.0201200631164689,93.1416780471802,1288.46783380297,32.2169224349142,32.2169224349142,0.547907522377576,0.916724463472837,0.661149433071436,0.725407307616294,2.85118872653814
31,0.0190150867728203,0,23.3742274267229,0,1228.07584962503,87.8671212768555,FALSE,0.0190150867728203,0.0190150867728203,87.8671212768555,1228.07584962503,23.3742274267229,23.3742274267229,0.494155551315472,0.609798781076368,0.53835718447911,0.398171598258254,2.0404831151292
32,0.0170964267864641,0,24.4261820829068,0,1179.15904792351,89.0756839752197,FALSE,0.0170964267864641,0.0170964267864641,89.0756839752197,1179.15904792351,24.4261820829068,24.4261820829068,0.400821647239208,0.680124866673042,0.438896897544723,0.437100581764974,1.95694399322195
33,0.0113936939676879,0,29.4592832348535,0,1163.60015524283,88.6214958190918,FALSE,0.0113936939676879,0.0113936939676879,88.6214958190918,1163.60015524283,29.4592832348535,29.4592832348535,0.123410161272357,0.653695724694657,0.407261715427881,0.623357195184566,1.80772479657946
34,0.0165262223603572,0,24.7148481228906,0,1230.66145450362,89.5663992118835,FALSE,0.0165262223603572,0.0165262223603572,89.5663992118835,1230.66145450362,24.7148481228906,24.7148481228906,0.37308384815622,0.708679514093419,0.543614376163324,0.447783053146623,2.07316079155959
35,0.0202416423597562,0,22.8491392241887,0,1227.44026375885,86.2637327575684,FALSE,0.0202416423597562,0.0202416423597562,86.2637327575684,1227.44026375885,22.8491392241887,22.8491392241887,0.553821788329509,0.516497839052653,0.537064876919687,0.378740009780685,1.98612451408253
36,0.0136555328267723,0,20.2309984603605,0,1190.79185603049,84.945166015625,FALSE,0.0136555328267723,0.0136555328267723,84.945166015625,1190.79185603049,20.2309984603605,20.2309984603605,0.23343812485681,0.43977063434549,0.46254935216008,0.281852222826946,1.41761033418933
37,0.0148349869829194,0,23.6744361068056,0,1168.35012734627,92.9904273223877,FALSE,0.0148349869829194,0.0148349869829194,92.9904273223877,1168.35012734627,23.6744361068056,23.6744361068056,0.290813095854794,0.907923206051346,0.41691961561565,0.409281220414316,2.02493713793611
38,0.00989157762401012,0,30.9630721367704,0,1310.0382164572,89.880026473999,FALSE,0.00989157762401012,0.00989157762401012,89.880026473999,1310.0382164572,30.9630721367704,30.9630721367704,0.0503391722856796,0.726929438330561,0.705007501740051,0.679006906905673,2.16128301926196
39,0.0185531422180563,0,26.1748841404517,0,1295.46232493909,90.3053004837036,FALSE,0.0185531422180563,0.0185531422180563,90.3053004837036,1295.46232493909,26.1748841404517,26.1748841404517,0.471684092552852,0.751676070382836,0.675371010753555,0.501813631092861,2.4005448047821
40,0.0146668015524285,0,33.2541213840907,0,1060.26626402064,88.0492623138428,FALSE,0.0146668015524285,0.0146668015524285,88.0492623138428,1060.26626402064,33.2541213840907,33.2541213840907,0.282631655188867,0.620397541219448,0.197157658876571,0.763790236527083,1.86397709181197
41,0.0189214425804407,0,24.8537015935314,0,1231.67109987167,92.5143360900879,FALSE,0.0189214425804407,0.0189214425804407,92.5143360900879,1231.67109987167,24.8537015935314,24.8537015935314,0.489600195947139,0.880219527293218,0.545667241733336,0.452921510813643,2.36840847578734
42,0.0158440569672849,0,27.5643181412702,0,1313.58629731324,92.0066403198242,FALSE,0.0158440569672849,0.0158440569672849,92.0066403198242,1313.58629731324,27.5643181412702,27.5643181412702,0.339899667627143,0.850676785121084,0.712221651638118,0.553231487350807,2.45602959173715
43,0.0147579353747547,0,23.6498777684998,0,1119.52784989582,88.3301270294189,FALSE,0.0147579353747547,0.0147579353747547,88.3301270294189,1119.52784989582,23.6498777684998,23.6498777684998,0.287064892704416,0.636741017693965,0.317651520500994,0.408372406387743,1.64982983728712
44,0.0167401496429219,0,22.3436154872004,0,1219.47676623009,89.5857913589478,FALSE,0.0167401496429219,0.0167401496429219,89.5857913589478,1219.47676623009,22.3436154872004,22.3436154872004,0.383490417643345,0.709807940277834,0.520873063030376,0.360032430415178,1.97420385136673
45,0.0195028417872178,0,21.4023226343851,0,1263.89815792876,87.9094611740112,FALSE,0.0195028417872178,0.0195028417872178,87.9094611740112,1263.89815792876,21.4023226343851,21.4023226343851,0.517882569156161,0.612262533462206,0.61119303920815,0.325198634370043,2.06653677619656
46,0.0113393354692352,0,31.5238936845335,0,1310.59823657117,91.5659329986572,FALSE,0.0113393354692352,0.0113393354692352,91.5659329986572,1310.59823657117,31.5238936845335,31.5238936845335,0.120765872593594,0.825032090945583,0.706146164925041,0.699760855428779,2.351704983893
47,0.010113028041556,0,23.3088451943577,0,1124.23783185748,90.6835417556763,FALSE,0.010113028041556,0.010113028041556,90.6835417556763,1124.23783185748,23.3088451943577,23.3088451943577,0.0611117073757159,0.773685874346624,0.327228110569593,0.395752041644842,1.55777773393678
48,0.0196977741615924,0,26.2024811797195,0,1182.43664681349,88.8829532623291,FALSE,0.0196977741615924,0.0196977741615924,88.8829532623291,1182.43664681349,26.2024811797195,26.2024811797195,0.527365124512828,0.668909894847252,0.445561088880101,0.50283489629681,2.14467100453699
49,0.0184462404148521,0,31.0733604202191,0,1098.83510438135,87.9478159332275,FALSE,0.0184462404148521,0.0184462404148521,87.9478159332275,1098.83510438135,31.0733604202191,31.0733604202191,0.466483815944807,0.614494391257699,0.275577911132834,0.683088271765005,2.03964439010035
50,0.0208830779149651,0,22.0974360194571,0,1273.91439149256,91.2360573196411,TRUE,0.0208830779149651,0.0208830779149651,91.2360573196411,1273.91439149256,22.0974360194571,22.0974360194571,0.585024651268593,0.805836673719695,0.631558587028233,0.350922231241542,2.37334214325806
51,0.0187103015025781,0,24.0585024417434,0,1130.93478835174,90.8858177185059,FALSE,0.0187103015025781,0.0187103015025781,90.8858177185059,1130.93478835174,24.0585024417434,24.0585024417434,0.479329162388339,0.785456282861926,0.340844724725408,0.423494106806699,2.02912427678237
52,0.0174617278688323,0,28.7608462956704,0,1103.0333186437,93.1218436431885,FALSE,0.0174617278688323,0.0174617278688323,93.1218436431885,1103.0333186437,28.7608462956704,28.7608462956704,0.418591849579989,0.915570302422883,0.284113947435723,0.597510605765421,2.21578670520402
53,0.0133255297461553,0,31.317111610959,0,1328.60330966264,88.9676918792725,FALSE,0.0133255297461553,0.0133255297461553,88.9676918792725,1328.60330966264,31.317111610959,31.317111610959,0.217385006487633,0.673840822499222,0.742755053357258,0.692108609313088,2.3260894916572
54,0.0237118707836681,0,30.4008890960148,0,1192.76245421858,92.6676140594482,FALSE,0.0237118707836681,0.0237118707836681,92.6676140594482,1192.76245421858,30.4008890960148,30.4008890960148,0.722632296258654,0.889138749777834,0.466556078977905,0.658202574520544,2.73652969953494
55,0.0180140989011462,0,25.3754018657563,0,1075.15817295621,92.3438766860962,FALSE,0.0180140989011462,0.0180140989011462,92.3438766860962,1075.15817295621,25.3754018657563,25.3754018657563,0.445462136817489,0.870300519655382,0.227436693568365,0.472227724416584,2.01542707445782
56,0.0217237100387333,0,21.714424796083,0,1210.32488810384,88.1119709014893,FALSE,0.0217237100387333,0.0217237100387333,88.1119709014893,1210.32488810384,21.714424796083,21.714424796083,0.625917502821833,0.624046544708006,0.50226496943547,0.336748390658235,2.08897740762354
57,0.0165647779011975,0,34.0120605649937,0,1290.7125572206,85.8487811279297,FALSE,0.0165647779011975,0.0165647779011975,85.8487811279297,1290.7125572206,34.0120605649937,34.0120605649937,0.374959396286677,0.492351864777635,0.665713526132308,0.791838785672257,2.32486357286888
58,0.0109457509281425,0,26.2433994210694,0,1407.60604250394,89.5265685272217,FALSE,0.0109457509281425,0.0109457509281425,89.5265685272217,1407.60604250394,26.2433994210694,26.2433994210694,0.101619811245847,0.706361772413409,0.903387682713148,0.504349130330823,2.21571839670323
59,0.0185087236222118,0,28.8416344937151,0,1118.29993897737,87.9939695358276,FALSE,0.0185087236222118,0.0185087236222118,87.9939695358276,1118.29993897737,28.8416344937151,28.8416344937151,0.469523334006141,0.617180062602216,0.31515486560878,0.600500280663223,2.00235854288036
60,0.0239008455096039,0,26.0888140074968,0,1119.39959157577,90.3075514602661,FALSE,0.0239008455096039,0.0239008455096039,90.3075514602661,1119.39959157577,26.0888140074968,26.0888140074968,0.73182503966747,0.751807054377812,0.317390738747679,0.49862849115691,2.29965132394987
61,0.0264494826675167,0,28.7669126406892,0,1339.72828312567,89.0069113540649,FALSE,0.0264494826675167,0.0264494826675167,89.0069113540649,1339.72828312567,28.7669126406892,28.7669126406892,0.855804409495046,0.676122997966862,0.765374951107762,0.59773509894466,2.89503745751433
62,0.0127102792660126,0,24.1469183700177,0,1231.06000001651,93.6771969223022,FALSE,0.0127102792660126,0.0127102792660126,93.6771969223022,1231.06000001651,24.1469183700177,24.1469183700177,0.187455925928877,0.947886228022944,0.54442472045587,0.426766056023603,2.10653293043129
63,0.0163506508123143,0,29.9672235220304,0,1087.05134029731,94.2721617126465,FALSE,0.0163506508123143,0.0163506508123143,94.2721617126465,1087.05134029731,29.9672235220304,29.9672235220304,0.364543107149431,0.98250714163329,0.251618524660319,0.64215420220922,2.24082297565226
64,0.0230039552580262,0,26.1873874151695,0,1307.58646074783,87.2019834518433,FALSE,0.0230039552580262,0.0230039552580262,87.2019834518433,1307.58646074783,26.1873874151695,26.1873874151695,0.688195491283197,0.57109450890356,0.70002245942607,0.502276331431142,2.46158879104397
65,0.0173117869736552,0,33.6681930387016,0,1138.01614398884,85.9208030700684,FALSE,0.0173117869736552,0.0173117869736552,85.9208030700684,1138.01614398884,33.6681930387016,33.6681930387016,0.411297920886484,0.49654281099378,0.355242920009062,0.779113509748213,2.04219716163754
66,0.0223405700030223,0,17.4422757626994,0,1132.0917113281,88.7442786026001,FALSE,0.0223405700030223,0.0223405700030223,88.7442786026001,1132.0917113281,17.4422757626994,17.4422757626994,0.65592487731489,0.660840436801435,0.343197043094293,0.178651824155879,1.8386141813665
67,0.023892956906022,0,28.5792031985204,0,1314.37431016073,90.5694859695435,FALSE,0.023892956906022,0.023892956906022,90.5694859695435,1314.37431016073,28.5792031985204,28.5792031985204,0.731441295713227,0.767048984933084,0.713823881980102,0.590788660963433,2.80310282358985
68,0.014745956263704,0,24.4234674988363,0,1160.57292935246,89.6133697891235,FALSE,0.014745956263704,0.014745956263704,89.6133697891235,1160.57292935246,24.4234674988363,24.4234674988363,0.286482164545349,0.711412725072026,0.40110659601699,0.437000124964968,1.83600161059933
69,0.0225578815523751,0,24.7457212660837,0,1215.61297920486,90.4016300964356,FALSE,0.0225578815523751,0.0225578815523751,90.4016300964356,1215.61297920486,24.7457212660837,24.7457212660837,0.666496075675303,0.757281476374308,0.513017002273837,0.44892555494088,2.38572010926433
70,0.019101605203185,0,20.358653702599,0,1092.71553288041,88.6422640991211,FALSE,0.019101605203185,0.019101605203185,88.6422640991211,1092.71553288041,20.358653702599,20.358653702599,0.498364271431547,0.654904227853833,0.263135267373877,0.286576275133229,1.70298004179249
71,0.0255977769262145,0,25.8136178878666,0,1185.68262398149,88.5497925758362,FALSE,0.0255977769262145,0.0255977769262145,88.5497925758362,1185.68262398149,25.8136178878666,25.8136178878666,0.814372877840047,0.649523323519626,0.452160985220039,0.488444492123092,2.4045016787028
72,0.0128680662798559,0,32.2778279572891,0,1182.25765963992,92.0516349029541,FALSE,0.0128680662798559,0.0128680662798559,92.0516349029541,1182.25765963992,32.2778279572891,32.2778279572891,0.195131531882645,0.853295013293162,0.445197162478097,0.727661197612466,2.22128490526637
73,0.0192428521195253,0,31.265784598266,0,1234.23499125421,91.4745248413086,FALSE,0.0192428521195253,0.0192428521195253,91.4745248413086,1234.23499125421,31.265784598266,31.265784598266,0.505235278402311,0.81971306371875,0.550880284362982,0.690209184828553,2.5660378113126
74,0.0160044411679453,0,22.2183853479021,0,1227.67569937332,92.71664894104,FALSE,0.0160044411679453,0.0160044411679453,92.71664894104,1227.67569937332,22.2183853479021,22.2183853479021,0.347701614666345,0.891992082322943,0.537543577344804,0.355398122274018,2.13263539660811
75,0.0149803678078686,0,27.2563988408025,0,1231.70830100475,88.5829117774963,FALSE,0.0149803678078686,0.0149803678078686,88.5829117774963,1231.70830100475,27.2563988408025,27.2563988408025,0.297885198294428,0.651450524991257,0.545742881089184,0.541836523415012,2.03691512778988
76,0.0173539054392651,0,31.7651360546744,0,1228.04048135475,88.2104679870606,FALSE,0.0173539054392651,0.0173539054392651,88.2104679870606,1228.04048135475,31.7651360546744,31.7651360546744,0.413346788771894,0.629778075625091,0.538285271799064,0.70868835072825,2.2900984869243
77,0.0201621867301956,0,24.6702213116277,0,1332.03431510987,86.0557206726074,FALSE,0.0201621867301956,0.0201621867301956,86.0557206726074,1332.03431510987,24.6702213116277,24.6702213116277,0.549956640694981,0.504393646434508,0.749731159201968,0.446131578542276,2.25021302487373
78,0.0161438936411243,0,27.0418881922154,0,1325.08195122103,90.2155055999756,FALSE,0.0161438936411243,0.0161438936411243,90.2155055999756,1325.08195122103,27.0418881922154,27.0418881922154,0.354485330305091,0.746450919310618,0.735595236917539,0.533898271084673,2.37042975761792
79,0.0203683870370402,0,22.939043266762,0,1228.84871005682,91.8635665130615,FALSE,0.0203683870370402,0.0203683870370402,91.8635665130615,1228.84871005682,22.939043266762,22.939043266762,0.559987328673251,0.842351341356642,0.53992860610998,0.382067028649748,2.32433430478962
80,0.0104932885083705,0,20.7651237307243,0,1275.69460597995,89.5737746429443,FALSE,0.0104932885083705,0.0104932885083705,89.5737746429443,1275.69460597995,20.7651237307243,20.7651237307243,0.0796096143451854,0.709108689341666,0.635178215408697,0.301618240039079,1.72551475913463
81,0.0110446880144993,0,24.8313627659648,0,1322.02900947742,88.0291819381714,FALSE,0.0110446880144993,0.0110446880144993,88.0291819381714,1322.02900947742,24.8313627659648,24.8313627659648,0.106432641342515,0.619229067113644,0.729387830642967,0.452094832738894,1.90714437183802
82,0.0132930582917659,0,22.0002667072007,0,1259.82302860277,94.4031851196289,FALSE,0.0132930582917659,0.0132930582917659,94.4031851196289,1259.82302860277,22.0002667072007,22.0002667072007,0.215805420927527,0.990131374407547,0.60290726585504,0.347326351388781,2.1561704125789
83,0.0184325874402671,0,24.0025961370851,0,1214.90308117225,87.4904401397705,FALSE,0.0184325874402671,0.0184325874402671,87.4904401397705,1214.90308117225,24.0025961370851,24.0025961370851,0.465819662092984,0.587879761132146,0.511573599198377,0.421425219522279,1.98669824194579
84,0.022787618062683,0,28.3292274605681,0,1251.39112669478,92.5818285369873,FALSE,0.022787618062683,0.022787618062683,92.5818285369873,1251.39112669478,28.3292274605681,28.3292274605681,0.677671690723499,0.884146902847834,0.58576306684774,0.581537975753172,2.72911963617225
85,0.0253463669167991,0,28.5038207272116,0,1193.80584135488,84.642549571991,FALSE,0.0253463669167991,0.0253463669167991,84.642549571991,1193.80584135488,28.5038207272116,28.5038207272116,0.802142947644259,0.422161428015713,0.468677550136075,0.58799903218521,2.28098095798126
86,0.0157705471061851,0,24.4511045751217,0,1259.36390402015,90.7855316162109,FALSE,0.0157705471061851,0.0157705471061851,90.7855316162109,1259.36390402015,24.4511045751217,24.4511045751217,0.336323754034669,0.779620649324919,0.601973748921435,0.438022871792093,2.15594102407312
87,0.0226476659167809,0,29.2894254255208,0,1204.82847292585,84.471026725769,FALSE,0.0226476659167809,0.0226476659167809,84.471026725769,1204.82847292585,29.2894254255208,29.2894254255208,0.67086366832569,0.412180538830969,0.491089360816388,0.617071380659071,2.19120494863212
88,0.0125382730147543,0,22.9899057964578,0,1126.10879322087,90.1990626907349,FALSE,0.0125382730147543,0.0125382730147543,90.1990626907349,1126.10879322087,22.9899057964578,22.9899057964578,0.179088620064566,0.745494108841218,0.331032250406465,0.38394926432217,1.63956424363442
89,0.0233866321031531,0,35.8753895287933,0,1217.3259144727,87.703686542511,FALSE,0.0233866321031531,0.0233866321031531,87.703686542511,1217.3259144727,35.8753895287933,35.8753895287933,0.706810943843457,0.600288537931733,0.51649983490625,0.860793756376492,2.68439307305793
90,0.0132518099741811,0,26.2217609641216,0,1164.66129914032,84.120597038269,FALSE,0.0132518099741811,0.0132518099741811,84.120597038269,1164.66129914032,26.2217609641216,26.2217609641216,0.213798881705288,0.391789086875605,0.40941929059329,0.503548370403884,1.51855562957807
91,0.0175226772175766,0,33.3295686759677,0,1171.94730398878,84.1194137573242,FALSE,0.0175226772175766,0.0175226772175766,84.1194137573242,1171.94730398878,33.3295686759677,33.3295686759677,0.42155675253813,0.391720231931527,0.424233589722156,0.766582264076785,2.0040928382686
92,0.0184994035900585,0,24.9733820903361,0,1332.54013420519,88.2315802001953,FALSE,0.0184994035900585,0.0184994035900585,88.2315802001953,1332.54013420519,24.9733820903361,24.9733820903361,0.469069957694978,0.63100659220107,0.750759617944317,0.457350447040884,2.30818661488125
93,0.0118289678589242,0,20.1282016669948,0,1206.96721757285,88.6107901000977,FALSE,0.0118289678589242,0.0118289678589242,88.6107901000977,1206.96721757285,20.1282016669948,20.1282016669948,0.144584216029552,0.653072760481568,0.495437972108845,0.27804809053859,1.57114303915855
94,0.0283315755648493,0,24.1376274433623,0,1191.87691774821,90.6961985015869,FALSE,0.0283315755648493,0.0283315755648493,90.6961985015869,1191.87691774821,24.1376274433623,24.1376274433623,0.94735949439358,0.774422368528922,0.464755558331212,0.426422232904987,2.6129596541587
95,0.0236045718234736,0,34.0047559082558,0,1190.36965848274,86.7279368209839,FALSE,0.0236045718234736,0.0236045718234736,86.7279368209839,1190.36965848274,34.0047559082558,34.0047559082558,0.717412699806187,0.543509805202417,0.461690917271007,0.791568467118122,2.51418188939773
96,0.0175257812833348,0,26.6076480753161,0,1140.27375531835,90.3836768341064,FALSE,0.0175257812833348,0.0175257812833348,90.3836768341064,1140.27375531835,26.6076480753161,26.6076480753161,0.421707750931684,0.75623677868092,0.359833217469411,0.517828637047352,2.05560638412937
97,0.0098865824599816,0,16.7264811889859,0,1111.0473867939,94.5727787017822,FALSE,0.0098865824599816,0.0098865824599816,94.5727787017822,1111.0473867939,16.7264811889859,16.7264811889859,0.0500961807376209,1,0.300408584247713,0.152162892346424,1.50266765733176
98,0.0144332980176818,0,35.2096589534786,0,1162.72491598943,88.964086227417,FALSE,0.0144332980176818,0.0144332980176818,88.964086227417,1162.72491598943,35.2096589534786,35.2096589534786,0.271272791884011,0.673631010148268,0.405482131639668,0.836157509524979,2.18654344319693
99,0.0252545749485097,0,21.9902832994656,0,1287.03945099163,85.3910289001465,FALSE,0.0252545749485097,0.0252545749485097,85.3910289001465,1287.03945099163,21.9902832994656,21.9902832994656,0.797677694381971,0.465715329994028,0.65824516788389,0.346956902085263,2.26859509434515
100,0.0244434796658164,0,23.6105368855205,0,1121.77897945546,88.9812899017334,FALSE,0.0244434796658164,0.0244434796658164,88.9812899017334,1121.77897945546,23.6105368855205,23.6105368855205,0.758221673070256,0.674632089425487,0.322228638876267,0.40691654460165,2.16199894597366
101,0.018040850474377,0,22.5370271796024,0,1083.83715787457,88.3676505279541,FALSE,0.018040850474377,0.018040850474377,88.3676505279541,1083.83715787457,22.5370271796024,22.5370271796024,0.446763476704477,0.638924504552728,0.245083275116095,0.367189887763046,1.69796114413635
102,0.0251770321526479,0,20.0535796841379,0,1230.67431308237,88.2034524726868,FALSE,0.0251770321526479,0.0251770321526479,88.2034524726868,1230.67431308237,20.0535796841379,20.0535796841379,0.79390559722967,0.629369843875903,0.543640520921116,0.275286604648681,2.24220256667537
103,0.018298681929541,0,34.9263124695234,0,1118.55929980656,88.4291101455688,FALSE,0.018298681929541,0.018298681929541,88.4291101455688,1118.55929980656,34.9263124695234,34.9263124695234,0.459305780434816,0.642500830658906,0.315682212074487,0.825671895401087,2.2431607185693
104,0.0211224644567102,0,20.8579566686041,0,1177.47063510717,88.3432137489319,FALSE,0.0211224644567102,0.0211224644567102,88.3432137489319,1177.47063510717,20.8579566686041,20.8579566686041,0.596669695561622,0.637502531976916,0.435463925287039,0.305053646580948,1.97468979940653
105,0.0110031686248573,0,26.3868049277983,0,1138.1949602762,91.4875134277344,FALSE,0.0110031686248573,0.0110031686248573,91.4875134277344,1138.1949602762,26.3868049277983,26.3868049277983,0.104412915722705,0.820468867651798,0.355606498955983,0.509656042157682,1.79014432448817
106,0.0152947940669333,0,31.0355139689571,0,1122.84788342884,78.8348051071167,FALSE,0.0152947940669333,0.0152947940669333,78.8348051071167,1122.84788342884,31.0355139689571,31.0355139689571,0.313180576585158,0.0842096321236537,0.324401992247703,0.68168771341555,1.40347991437206
107,0.021245608567411,0,20.3792214472564,0,1176.33012226164,84.2525756454468,FALSE,0.021245608567411,0.021245608567411,84.2525756454468,1176.33012226164,20.3792214472564,20.3792214472564,0.602660085050871,0.399468902608685,0.433144972883703,0.287337411925418,1.72261137246868
108,0.0204568428127721,0,24.8716126537477,0,1227.70983251211,85.5855083084106,TRUE,0.0204568428127721,0.0204568428127721,85.5855083084106,1227.70983251211,24.8716126537477,24.8716126537477,0.564290291650466,0.477032058146309,0.53761297868872,0.453584333458755,2.03251966194425
109,0.0199406808096826,0,21.5557431826688,0,1270.41951422491,87.0828639221191,FALSE,0.0199406808096826,0.0199406808096826,87.0828639221191,1270.41951422491,21.5557431826688,21.5557431826688,0.539181405643178,0.564162960995493,0.624452613543659,0.330876166152064,2.05867314633439
110,0.0165630824781505,0,23.5019594196195,0,1409.76564331297,86.0988003921509,FALSE,0.0165630824781505,0.0165630824781505,86.0988003921509,1409.76564331297,23.5019594196195,23.5019594196195,0.374876921823684,0.506900448976233,0.907778699882272,0.402898490824889,2.19245456150708
111,0.012876193949482,0,25.5923299324974,0,1095.52118387219,81.5965932846069,FALSE,0.012876193949482,0.012876193949482,81.5965932846069,1095.52118387219,25.5923299324974,25.5923299324974,0.195526905290459,0.244917679817775,0.268839868716859,0.480255436526291,1.18953989035138
112,0.0241493707786964,0,34.0091019063157,0,1063.27654086881,89.1236951828003,FALSE,0.0241493707786964,0.0241493707786964,89.1236951828003,1063.27654086881,34.0091019063157,34.0091019063157,0.743914640634268,0.682918631778054,0.203278316578144,0.791729296566238,2.4218408855567
113,0.0153467615550696,0,21.5466916785777,0,1137.43809723484,84.9448664188385,FALSE,0.0153467615550696,0.0153467615550696,84.9448664188385,1137.43809723484,21.5466916785777,21.5466916785777,0.315708553708403,0.439753200852564,0.354067604084576,0.330541203184411,1.44007056182995
114,0.0137936285358624,0,29.8194052289948,0,1272.40579300532,89.299490814209,FALSE,0.0137936285358624,0.0137936285358624,89.299490814209,1272.40579300532,29.8194052289948,29.8194052289948,0.240155840219203,0.693148153704142,0.628491222989878,0.636683989346199,2.19847920625942
115,0.0163256170005171,0,34.2668801082668,0,1157.6255876539,91.1891843032837,FALSE,0.0163256170005171,0.0163256170005171,91.1891843032837,1157.6255876539,34.2668801082668,34.2668801082668,0.363325328384272,0.803109139794489,0.395113901465523,0.801268722351517,2.3628170919958
116,0.0154030550672542,0,29.8275783662825,0,1277.4896010945,89.9356031417847,FALSE,0.0154030550672542,0.0154030550672542,89.9356031417847,1277.4896010945,29.8275783662825,29.8275783662825,0.318446971825067,0.730163436451768,0.638827896559728,0.636986447180096,2.32442475201666
117,0.00977786249755997,0,30.1746404630418,0,1238.79737064149,94.3204567337036,FALSE,0.00977786249755997,0.00977786249755997,94.3204567337036,1238.79737064149,30.1746404630418,30.1746404630418,0.0448074591214961,0.985317421802746,0.560156760894129,0.64982994244021,2.24011158425858
118,0.0152218276193742,0,34.0989592996282,0,1095.77083841943,92.9859420013428,FALSE,0.0152218276193742,0.0152218276193742,92.9859420013428,1095.77083841943,34.0989592996282,34.0989592996282,0.309631097539526,0.907662205879688,0.26934747984511,0.795054589117258,2.28169537238158
119,0.0143027613188143,0,16.9768945863528,0,1279.43684382297,88.2407098007202,FALSE,0.0143027613188143,0.0143027613188143,88.2407098007202,1279.43684382297,16.9768945863528,16.9768945863528,0.264922787288529,0.631537842312335,0.642787135793843,0.161429773726391,1.7006775391211
120,0.028553713676207,0,39.6370766564405,0,1060.19516664938,88.0947412109375,FALSE,0.028553713676207,0.028553713676207,88.0947412109375,1060.19516664938,39.6370766564405,39.6370766564405,0.958165482596061,0.62304395154988,0.197013099855946,1,2.77822253400189
121,0.017915630122374,0,31.5060498136564,0,1222.54261597423,90.8749610900879,FALSE,0.017915630122374,0.017915630122374,90.8749610900879,1222.54261597423,31.5060498136564,31.5060498136564,0.440672087711457,0.784824537251668,0.527106714549747,0.699100519214677,2.45170385872755
122,0.0101329345686892,0,27.5090124769646,0,1139.32410281167,86.472487487793,FALSE,0.0101329345686892,0.0101329345686892,86.472487487793,1139.32410281167,27.5090124769646,27.5090124769646,0.062080067537058,0.528645246089422,0.357902332629924,0.551184827562837,1.49981247381924
123,0.0226395015491075,0,23.3743593722908,0,1004.42708384498,90.804709777832,FALSE,0.0226395015491075,0.0226395015491075,90.804709777832,1004.42708384498,23.3743593722908,23.3743593722908,0.670466509728183,0.780736623727884,0.0836224176246971,0.398176481079777,1.93300203216054
124,0.0202770685131962,0,24.9484765861487,0,1351.28173842762,90.6367126655579,FALSE,0.0202770685131962,0.0202770685131962,90.6367126655579,1351.28173842762,24.9484765861487,24.9484765861487,0.555545106286038,0.770960896482804,0.788866061308046,0.456428785678356,2.57180084975524
125,0.00885675799906541,0,25.7841743089159,0,1122.58130414235,82.1544878387451,FALSE,0.00885675799906541,0.00885675799906541,82.1544878387451,1122.58130414235,25.7841743089159,25.7841743089159,0,0.277381481837597,0.323859968824194,0.487354893258149,1.08859634391994
126,0.0127702107497494,0,31.0300952174728,0,1147.43005899309,88.332027015686,FALSE,0.0127702107497494,0.0127702107497494,88.332027015686,1147.43005899309,31.0300952174728,31.0300952174728,0.190371314478186,0.636851577615293,0.374383801156852,0.681487185297803,1.88309387854813
127,0.0167230012858872,0,33.6664973834336,0,1038.88543886907,86.3266259384155,FALSE,0.0167230012858872,0.0167230012858872,86.3266259384155,1038.88543886907,33.6664973834336,33.6664973834336,0.38265622965698,0.520157583992399,0.153685008774768,0.779050759766004,1.83554958219015
128,0.0180407469437366,0,29.9209412166221,0,1195.24411870179,89.5856687927246,FALSE,0.0180407469437366,0.0180407469437366,89.5856687927246,1195.24411870179,29.9209412166221,29.9209412166221,0.446758440419295,0.709800808167342,0.471601933428508,0.640441463838512,2.26860264585366
129,0.0212805301242641,0,25.3188913428114,0,1140.84935368039,87.6757614135742,FALSE,0.0212805301242641,0.0212805301242641,87.6757614135742,1140.84935368039,25.3188913428114,25.3188913428114,0.604358856725217,0.59866357878765,0.361003555190942,0.470136477229507,2.03416246793332
130,0.0263304302250731,0,27.8437839941101,0,1166.83765336961,86.5904177856445,FALSE,0.0263304302250731,0.0263304302250731,86.5904177856445,1166.83765336961,27.8437839941101,27.8437839941101,0.850013060677595,0.535507592769801,0.413844371722627,0.563573493550351,2.36293851872037
131,0.0206786812827872,0,27.4791301353819,0,1284.30563075005,88.8197551345825,FALSE,0.0206786812827872,0.0206786812827872,88.8197551345825,1284.30563075005,27.4791301353819,27.4791301353819,0.575081703692232,0.665232405092298,0.652686616707266,0.550078991702157,2.44307971719395
132,0.0208935769090977,0,12.6146742861778,0,1103.80605167748,87.7402838516235,FALSE,0.0208935769090977,0.0208935769090977,87.7402838516235,1103.80605167748,12.6146742861778,12.6146742861778,0.585535378608628,0.602418129964269,0.285685110034055,0,1.47363861860695
133,0.0140269931712697,0,30.6336895557234,0,1150.91905658443,91.708313293457,FALSE,0.0140269931712697,0.0140269931712697,91.708313293457,1150.91905658443,30.6336895557234,30.6336895557234,0.251507946715812,0.833317179350945,0.381477819765535,0.66681766567783,2.13312061151012
134,0.0162940768761428,0,25.0467469601682,0,1112.35049300766,92.7832074737549,FALSE,0.0162940768761428,0.0162940768761428,92.7832074737549,1112.35049300766,25.0467469601682,25.0467469601682,0.361791047707215,0.895865113548571,0.303058130281358,0.460065411788534,2.02077970332568
135,0.010945255283639,0,26.663290890856,0,1268.2754974683,91.7385125732422,FALSE,0.010945255283639,0.010945255283639,91.7385125732422,1268.2754974683,26.663290890856,26.663290890856,0.101595700440973,0.835074470998291,0.620093282712794,0.519887773565914,2.07665122771797
136,0.0289667887973166,0,25.9317447594755,0,1339.78709538339,86.5204132843018,FALSE,0.0289667887973166,0.0289667887973166,86.5204132843018,1339.78709538339,25.9317447594755,25.9317447594755,0.978259670208299,0.531434041136734,0.765494531371093,0.49281593438016,2.76800417709629
137,0.0128127146444985,0,22.3624829915256,0,974.906777447866,93.7290863800049,FALSE,0.0128127146444985,0.0128127146444985,93.7290863800049,974.906777447866,22.3624829915256,22.3624829915256,0.192438931702492,0.950905667931937,0.0236001340223659,0.36073064754875,1.52767538120554
138,0.0141996261345726,0,31.8914066125682,0,1164.1062176767,89.1218417358398,FALSE,0.0141996261345726,0.0141996261345726,89.1218417358398,1164.1062176767,31.8914066125682,31.8914066125682,0.259905739212605,0.682810779972131,0.408290668939328,0.713361160945624,2.06436834906969
139,0.0208313810060146,0,22.7400827894334,0,1310.71134289178,88.5199965286255,FALSE,0.0208313810060146,0.0208313810060146,88.5199965286255,1310.71134289178,22.7400827894334,22.7400827894334,0.582509836567012,0.647789495916459,0.706376138813564,0.374704231123369,2.3113797024204
140,0.0196242772436207,0,23.9547387950536,0,1000.40071293745,89.8921640777588,FALSE,0.0196242772436207,0.0196242772436207,89.8921640777588,1000.40071293745,23.9547387950536,23.9547387950536,0.523789840543464,0.727635723707483,0.0754357825251566,0.419654194823002,1.74651554159911
141,0.0117593009439738,0,21.4167134405348,0,1104.02319287575,89.1704306030273,FALSE,0.0117593009439738,0.0117593009439738,89.1704306030273,1104.02319287575,21.4167134405348,21.4167134405348,0.141195243932618,0.685638159004678,0.286126613262669,0.325731185323603,1.43869120152357
142,0.012353842761732,0,23.7390086404325,0,1144.43481405421,90.9191083526611,FALSE,0.012353842761732,0.012353842761732,90.9191083526611,1144.43481405421,23.7390086404325,23.7390086404325,0.170116944172665,0.787393459965224,0.368293707146261,0.411670813047203,1.73747492433135
143,0.015834439522609,0,30.7535694429016,0,1208.23151135587,91.9342883300781,FALSE,0.015834439522609,0.015834439522609,91.9342883300781,1208.23151135587,30.7535694429016,30.7535694429016,0.339431823577011,0.846466633483225,0.498008602609088,0.671253980611477,2.3551610402808
144,0.0104127334630664,0,29.5721232257591,0,1218.04611615206,88.8507748413086,FALSE,0.0104127334630664,0.0104127334630664,88.8507748413086,1218.04611615206,29.5721232257591,29.5721232257591,0.0756909852369899,0.667037437262622,0.517964187913554,0.627532989377822,1.88822559979099
145,0.00974666545483799,0,36.2981391961329,0,1031.1699931862,88.6391357803345,FALSE,0.00974666545483799,0.00974666545483799,88.6391357803345,1031.1699931862,36.2981391961329,36.2981391961329,0.0432898677746281,0.654722191443923,0.137997547314662,0.876438171019836,1.71244777755305
146,0.014358402555366,0,25.6657019556802,0,1151.13220268995,87.5599237060547,FALSE,0.014358402555366,0.014358402555366,87.5599237060547,1151.13220268995,25.6657019556802,25.6657019556802,0.26762947522278,0.5919229996308,0.381911199955494,0.482970665993214,1.72443434080229
147,0.01873956642416,0,27.9396077546963,0,1344.24197274797,92.6025520324707,FALSE,0.01873956642416,0.01873956642416,92.6025520324707,1344.24197274797,27.9396077546963,27.9396077546963,0.480752765008476,0.885352800000873,0.774552428975317,0.567119579470961,2.70777757345563
148,0.0169159348197421,0,25.4636702440009,0,1390.11404556718,92.0499440765381,FALSE,0.0169159348197421,0.0169159348197421,92.0499440765381,1390.11404556718,25.4636702440009,25.4636702440009,0.392041550698729,0.853196624352792,0.867822008468938,0.475494213348071,2.58855439686853
149,0.0210922857179272,0,27.2607748973014,0,1303.69493380358,86.1882696533203,FALSE,0.0210922857179272,0.0210922857179272,86.1882696533203,1303.69493380358,27.2607748973014,27.2607748973014,0.595201639975565,0.512106652119677,0.692109996365835,0.541998465215703,2.34141675367678
150,0.0256746032892195,0,24.1116180759892,0,1143.37318197892,85.7168489837646,FALSE,0.0256746032892195,0.0256746032892195,85.7168489837646,1143.37318197892,24.1116180759892,24.1116180759892,0.818110123858739,0.484674752720428,0.366135139391315,0.425459721614664,2.09437973758515
151,0.0187943981370375,0,24.0737435346127,0,1007.247882331,83.7382618522644,FALSE,0.0187943981370375,0.0187943981370375,83.7382618522644,1007.247882331,24.0737435346127,24.0737435346127,0.483420073372875,0.369541058656652,0.0893578176722197,0.424058123753099,1.36637707345485
152,0.011260038301848,0,21.4514943980774,0,1329.51887800743,88.7797758293152,FALSE,0.011260038301848,0.011260038301848,88.7797758293152,1329.51887800743,21.4514943980774,21.4514943980774,0.1169084334084,0.662906015201122,0.744616636435321,0.327018300994003,1.85144938603885
153,0.0113235202362186,0,18.7593577637599,0,1384.0761860147,86.4226419830322,FALSE,0.0113235202362186,0.0113235202362186,86.4226419830322,1384.0761860147,18.7593577637599,18.7593577637599,0.119996534903845,0.525744743501382,0.855545505863078,0.227392198272649,1.72867898254095
154,0.0179970986738717,0,19.2967910762841,0,1149.30655972191,88.7793962860107,FALSE,0.0179970986738717,0.0179970986738717,88.7793962860107,1149.30655972191,19.2967910762841,19.2967910762841,0.444635154656504,0.66288392963208,0.378199203931129,0.247280633992029,1.73299892221174
155,0.0165777996561927,0,19.7299200744808,0,1222.03601526971,87.1051491928101,FALSE,0.0165777996561927,0.0165777996561927,87.1051491928101,1222.03601526971,19.7299200744808,19.7299200744808,0.375592844234865,0.565459737618068,0.526076666597306,0.263309149601484,1.73043839805172
156,0.0116952146574945,0,20.1085953562264,0,1280.6778983432,92.7374730682373,FALSE,0.0116952146574945,0.0116952146574945,92.7374730682373,1280.6778983432,20.1085953562264,20.1085953562264,0.138077743511803,0.893203835220607,0.645310514968073,0.27732253288832,1.9539146265888
157,0.0151246877204389,0,20.0086968744794,0,1189.32714606569,87.3146825790405,FALSE,0.0151246877204389,0.0151246877204389,87.3146825790405,1189.32714606569,20.0086968744794,20.0086968744794,0.304905692270388,0.57765245453325,0.459571224639325,0.273625656482655,1.61575502792562
158,0.0115533040633818,0,21.533351699909,0,1056.19641601788,86.7990783500671,FALSE,0.0115533040633818,0.0115533040633818,86.7990783500671,1056.19641601788,21.533351699909,21.533351699909,0.131174451697458,0.547649520312406,0.188882623795502,0.330047539501738,1.1977541353071
159,0.0141034778829857,0,31.2363294421258,0,1071.91520715727,87.8538674163818,FALSE,0.0141034778829857,0.0141034778829857,87.8538674163818,1071.91520715727,31.2363294421258,31.2363294421258,0.255228572984859,0.609027540885506,0.220842920106876,0.689119157534288,1.77421819151153
160,0.00968439018857781,0,30.9619889768239,0,1244.52634460795,93.3301510620117,FALSE,0.00968439018857781,0.00968439018857781,93.3301510620117,1244.52634460795,30.9619889768239,30.9619889768239,0.0402604650827574,0.927691680475022,0.571805220620094,0.678966823128826,2.2187241893067
161,0.0169434621683885,0,37.3182330875909,0,1198.21674312173,92.3306093597412,FALSE,0.0169434621683885,0.0169434621683885,92.3306093597412,1198.21674312173,37.3182330875909,37.3182330875909,0.393380628459409,0.869528495886866,0.47764603417654,0.914188104481732,2.65474326300455
162,0.0227198061117856,0,34.9318204173346,0,1330.9904321054,91.5169747161865,FALSE,0.0227198061117856,0.0227198061117856,91.5169747161865,1330.9904321054,34.9318204173346,34.9318204173346,0.674372954019084,0.82218321569206,0.747608679817817,0.825875724347741,3.0700405738767
163,0.0209562626869915,0,23.2374102419297,0,1190.67696570208,88.7382844924927,FALSE,0.0209562626869915,0.0209562626869915,88.7382844924927,1190.67696570208,23.2374102419297,23.2374102419297,0.588584750786345,0.660491640416224,0.462315750930383,0.393108496061839,2.10450063819479
164,0.0146552176725439,0,27.8572506194313,0,1208.11173324846,92.885185585022,FALSE,0.0146552176725439,0.0146552176725439,92.885185585022,1208.11173324846,27.8572506194313,27.8572506194313,0.282068153191813,0.901799204838715,0.49776506328279,0.564071843961121,2.24570426527444
165,0.0245480988661861,0,22.9170851518112,0,1169.26417827086,93.9814429473877,FALSE,0.0245480988661861,0.0245480988661861,93.9814429473877,1169.26417827086,22.9170851518112,22.9170851518112,0.763310911643674,0.965590259457611,0.418778113392895,0.381254439352546,2.52893372384673
166,0.0106762507525901,0,29.5308528618791,0,1395.75481822859,89.5547704315185,FALSE,0.0106762507525901,0.0106762507525901,89.5547704315185,1395.75481822859,29.5308528618791,29.5308528618791,0.0885098784216801,0.708002837074973,0.879291132531016,0.626005724580469,2.30180957260814
167,0.0170447930493383,0,23.7850954290073,0,1240.2189178454,89.8225063705444,FALSE,0.0170447930493383,0.0170447930493383,89.8225063705444,1240.2189178454,23.7850954290073,23.7850954290073,0.398309905553728,0.723582351973724,0.563047127554932,0.413376316057011,2.09831570113939
168,0.0214352875363847,0,25.4671320046704,0,1096.34184870859,87.4929108428955,FALSE,0.0214352875363847,0.0214352875363847,87.4929108428955,1096.34184870859,25.4671320046704,25.4671320046704,0.611887086615172,0.588023530983464,0.270508488848704,0.475622320413538,1.94604142686088
169,0.0229747041909701,0,24.7833529161648,0,1160.94755946008,91.0915038299561,FALSE,0.0229747041909701,0.0229747041909701,91.0915038299561,1160.94755946008,24.7833529161648,24.7833529161648,0.686772562621448,0.797425127423711,0.401868314214053,0.450318164286468,2.33638416854568
170,0.0139466842896549,0,21.4959421625877,0,1212.46457032218,85.4478310012817,FALSE,0.0139466842896549,0.0139466842896549,85.4478310012817,1212.46457032218,21.4959421625877,21.4959421625877,0.247601292328685,0.469020635901546,0.506615487048673,0.328663149734733,1.55190056501364
171,0.0162556837912002,0,30.0664031167474,0,1366.76186413896,89.8541402435303,FALSE,0.0162556837912002,0.0162556837912002,89.8541402435303,1366.76186413896,30.0664031167474,30.0664031167474,0.359923402302244,0.725423122388339,0.820341090162654,0.645824475242612,2.55151209009585
172,0.0215818401716145,0,32.8992248099003,0,1215.00464597602,90.2410122680664,FALSE,0.0215818401716145,0.0215818401716145,90.2410122680664,1215.00464597602,32.8992248099003,32.8992248099003,0.619016192186734,0.747935148573915,0.511780106250643,0.750656815992238,2.62938826300353
173,0.0154589748656203,0,28.6872236980594,0,1178.81271602929,90.1028807067871,FALSE,0.0154589748656203,0.0154589748656203,90.1028807067871,1178.81271602929,28.6872236980594,28.6872236980594,0.32116721049882,0.739897293346976,0.438192716805684,0.594786103457956,2.09404332410944
174,0.0126903418332373,0,29.1179911277808,0,1263.31914481846,90.7216278839111,FALSE,0.0126903418332373,0.0126903418332373,90.7216278839111,1263.31914481846,29.1179911277808,29.1179911277808,0.186486062351478,0.775902100544831,0.610015758435769,0.610727226079808,2.18313114741189
175,0.0159514740799288,0,21.2144896920386,0,1313.85174467576,91.3837693023682,FALSE,0.0159514740799288,0.0159514740799288,91.3837693023682,1313.85174467576,21.2144896920386,21.2144896920386,0.345125011647944,0.814432012261068,0.712761373572583,0.318247626100211,2.19056602358181
176,0.0253995819781912,0,21.3872169541121,0,1088.4986171566,90.798815612793,FALSE,0.0253995819781912,0.0253995819781912,90.798815612793,1088.4986171566,21.3872169541121,21.3872169541121,0.804731613416569,0.780393643131495,0.254561206248057,0.324639628547171,2.16432609134329
177,0.0111676541771827,0,26.7496476316781,0,971.206113167459,92.8273263931274,FALSE,0.0111676541771827,0.0111676541771827,92.8273263931274,971.206113167459,26.7496476316781,26.7496476316781,0.11241437448655,0.898432386975449,0.0160757432532594,0.523083519807825,1.55000602452308
178,0.0117722534846707,0,36.8587394246307,0,1264.3636830184,89.7597818374634,FALSE,0.0117722534846707,0.0117722534846707,89.7597818374634,1264.3636830184,36.8587394246307,36.8587394246307,0.141825324926405,0.719932420622673,0.612139569998801,0.897183929328678,2.37108124487656
179,0.0145272998695576,0,33.1947605805802,0,1420.63072577861,89.00908826828,FALSE,0.0145272998695576,0.0145272998695576,89.00908826828,1420.63072577861,33.1947605805802,33.1947605805802,0.275845545726985,0.676249672284739,0.929870173200426,0.76159351091042,2.64355890212257
180,0.0137848815406502,0,25.2062637464639,0,1258.47495959203,92.3895909976959,FALSE,0.0137848815406502,0.0137848815406502,92.3895909976959,1258.47495959203,25.2062637464639,25.2062637464639,0.239730339495839,0.872960628721222,0.600166299030729,0.465968542979832,2.17882581022762
181,0.0196115062078624,0,34.4428756791459,0,1280.32640190373,87.4368162536621,FALSE,0.0196115062078624,0.0196115062078624,87.4368162536621,1280.32640190373,34.4428756791459,34.4428756791459,0.523168588922597,0.584759395089416,0.644595833396308,0.807781672919999,2.56030549032832
182,0.0220606664667419,0,20.8801709720245,0,1247.36415829588,83.0448146247864,FALSE,0.0220606664667419,0.0220606664667419,83.0448146247864,1247.36415829588,20.8801709720245,20.8801709720245,0.642308869271997,0.329189466519645,0.577575216896436,0.305875716473774,1.85494926916185
183,0.0199176702571466,0,24.9831472753822,0,1062.1326956622,82.308708076477,FALSE,0.0199176702571466,0.0199176702571466,82.308708076477,1062.1326956622,24.9831472753822,24.9831472753822,0.538062049051384,0.286355534780117,0.200952588638041,0.45771182072307,1.48308199319261
184,0.0105393288877452,0,28.6428283086079,0,1195.13126534495,85.7957640075684,FALSE,0.0105393288877452,0.0105393288877452,85.7957640075684,1195.13126534495,28.6428283086079,28.6428283086079,0.0818492651341516,0.489266806344452,0.47137247387959,0.593143192926049,1.63563173828424
185,0.0236754997263721,0,26.3758129315522,0,1068.31345441287,87.6216750335693,FALSE,0.0236754997263721,0.0236754997263721,87.6216750335693,1068.31345441287,26.3758129315522,26.3758129315522,0.720863013114712,0.595516300293132,0.213519641622498,0.509249268692633,2.03914822372298
186,0.0165342794379705,0,28.2142250299267,0,1025.4341762411,90.3348242950439,FALSE,0.0165342794379705,0.0165342794379705,90.3348242950439,1025.4341762411,28.2142250299267,28.2142250299267,0.373475787590221,0.753394056620762,0.126335174074389,0.577282157596608,1.83048717588198
187,0.0194729901178433,0,23.4684010735828,0,1136.02287083964,89.6126052474976,FALSE,0.0194729901178433,0.0194729901178433,89.6126052474976,1136.02287083964,23.4684010735828,23.4684010735828,0.516430423978942,0.711368236507301,0.351190089233895,0.401656619522075,1.98064536924221
188,0.0217909888457162,0,33.1725665381714,0,1455.12214880437,84.0807012176514,FALSE,0.0217909888457162,0.0217909888457162,84.0807012176514,1455.12214880437,33.1725665381714,33.1725665381714,0.629190304549057,0.38946755494391,1,0.760772190803319,2.77943005029629
189,0.0152710056917619,0,22.5202356302858,0,1387.6954729337,86.0747057342529,FALSE,0.0152710056917619,0.0152710056917619,86.0747057342529,1387.6954729337,22.5202356302858,22.5202356302858,0.312023382531928,0.505498384378305,0.862904435779577,0.366568494110233,2.04699469680004
190,0.0141448877137439,0,19.9638754094339,0,1175.47556903525,90.7810227966309,FALSE,0.0141448877137439,0.0141448877137439,90.7810227966309,1175.47556903525,19.9638754094339,19.9638754094339,0.257242969073424,0.779358281776958,0.431407449044432,0.27196697845576,1.73997567835057
191,0.0221263096837456,0,31.3881886358702,0,1063.0338334959,88.9836109161377,FALSE,0.0221263096837456,0.0221263096837456,88.9836109161377,1063.0338334959,31.3881886358702,31.3881886358702,0.645502107137307,0.674767148912172,0.202784830820472,0.694738909311483,2.21779299618143
192,0.0127142998718887,0,26.9354614874123,0,1087.57274389075,85.736357383728,FALSE,0.0127142998718887,0.0127142998718887,85.736357383728,1087.57274389075,26.9354614874123,26.9354614874123,0.187651509745622,0.485809943643941,0.252678670647136,0.529959809087665,1.45609993312436
193,0.0135908671030324,0,26.511906222375,0,1337.8560300182,92.5929677581787,FALSE,0.0135908671030324,0.0135908671030324,92.5929677581787,1337.8560300182,26.511906222375,26.511906222375,0.230292437502363,0.884795092489999,0.761568184826959,0.514285582228273,2.39094129704759
194,0.0237977185472315,0,30.8110387767474,0,1266.85446750649,93.7384041595459,FALSE,0.0237977185472315,0.0237977185472315,93.7384041595459,1266.85446750649,30.8110387767474,30.8110387767474,0.726808391547328,0.951447868152462,0.617203967736604,0.673380709873305,2.9688409373097
195,0.0230927590801257,0,26.6429310966808,0,1170.77221837099,83.6001052856445,FALSE,0.0230927590801257,0.0230927590801257,83.6001052856445,1170.77221837099,26.6429310966808,26.6429310966808,0.692515385100958,0.361501748372624,0.421844342088363,0.519134332258357,1.9949958078203
196,0.0204183843995956,0,33.4839593767443,0,1162.73006805356,90.1219577026367,FALSE,0.0204183843995956,0.0204183843995956,90.1219577026367,1162.73006805356,33.4839593767443,33.4839593767443,0.562419468330092,0.741007380928583,0.405492607095109,0.772295697644281,2.48121515399806
197,0.0154971925148757,0,18.1170452486425,0,1032.69761551508,93.8365929412842,FALSE,0.0154971925148757,0.0154971925148757,93.8365929412842,1032.69761551508,18.1170452486425,18.1170452486425,0.323026321771786,0.957161458914866,0.141103591656741,0.203622567937181,1.62491394028057
198,0.0136156813192467,0,23.5064083832149,0,1345.14966321588,90.7788801574707,FALSE,0.0136156813192467,0.0136156813192467,90.7788801574707,1345.14966321588,23.5064083832149,23.5064083832149,0.231499533961529,0.779233601919484,0.776397994328029,0.403063130649815,2.19019426085886
199,0.0107044937146076,0,26.7443119876814,0,1209.8264534832,84.3731693077087,FALSE,0.0107044937146076,0.0107044937146076,84.3731693077087,1209.8264534832,26.7443119876814,26.7443119876814,0.0898837674517937,0.406486230072233,0.501251525206436,0.522886067193373,1.52050758992384
200,0.0173050589773787,0,22.094882617024,0,1107.1930554525,91.2852155685425,FALSE,0.0173050589773787,0.0173050589773787,91.2852155685425,1107.1930554525,22.094882617024,22.094882617024,0.410970635091414,0.808697184990396,0.292571749298961,0.350827739182764,1.86306730856353
